factor,state,method,pair_count,prevalence,auroc,nll,brier,ece,arm,source_split_seed
speaker,same,sigmoid,2000000,0.003697,0.9200360171233876,0.8444532558510621,0.3033370621337748,0.513642373466999,heldout,2026090902
speaker,same,slope_only,2000000,0.003697,0.9200360171233876,0.7024541593102656,0.2545916886219152,0.5006884263594349,heldout,2026090902
speaker,same,intercept_only,2000000,0.003697,0.9200360171233876,0.0134219123022099,0.0022407696685196,0.004044586194068,heldout,2026090902
speaker,same,full_affine,2000000,0.003697,0.9200360171233876,0.014650078301995,0.0028278425273153,0.0037259500505524,heldout,2026090902
speaker,different,sigmoid,2000000,0.996303,0.9200360171233872,0.8444532558510621,0.3033370621337749,0.513642373466999,heldout,2026090902
speaker,different,slope_only,2000000,0.996303,0.9200360171233872,0.7024541593102656,0.2545916886219152,0.5006884263594349,heldout,2026090902
speaker,different,intercept_only,2000000,0.996303,0.9200360171233872,0.0134219123022099,0.0022407696685196,0.004044586194068,heldout,2026090902
speaker,different,full_affine,2000000,0.996303,0.9200360171233872,0.014650078301995,0.0028278425273153,0.0037259500505525,heldout,2026090902
arousal,higher,sigmoid,2000000,0.3332605,0.7740444251935762,0.5967747706011122,0.2055122076469526,0.1670834499374264,heldout,2026090902
arousal,higher,slope_only,2000000,0.3332605,0.7740444251935762,0.5959675010736367,0.2053021228477997,0.1670556769452077,heldout,2026090902
arousal,higher,intercept_only,2000000,0.3332605,0.7740444251935762,0.5323663678363578,0.1777514523340002,0.0414657427979491,heldout,2026090902
arousal,higher,full_affine,2000000,0.3332605,0.7740444251935762,0.5267926347427254,0.1764006028824307,0.0277981089561929,heldout,2026090902
arousal,lower,sigmoid,2000000,0.331523,0.7746903261967049,0.5963240604223018,0.2053180824678661,0.1683428146598095,heldout,2026090902
arousal,lower,slope_only,2000000,0.331523,0.7746903261967049,0.5954170862234414,0.2050791468143581,0.1681609480823361,heldout,2026090902
arousal,lower,intercept_only,2000000,0.331523,0.7746903261967049,0.5312452644094564,0.1772553616083256,0.0426298850980726,heldout,2026090902
arousal,lower,full_affine,2000000,0.331523,0.7746903261967049,0.5255157684089173,0.1758801153130701,0.0297009452236035,heldout,2026090902
valence,higher,sigmoid,2000000,0.3693375,0.6999137618538347,0.6432905469980624,0.2256600005147027,0.1305333367512266,heldout,2026090902
valence,higher,slope_only,2000000,0.3693375,0.6999137618538347,0.6370582294953102,0.223430909674183,0.1316990124085907,heldout,2026090902
valence,higher,intercept_only,2000000,0.3693375,0.6999137618538347,0.6014805935709429,0.2070947731762346,0.0379471254401476,heldout,2026090902
valence,higher,full_affine,2000000,0.3693375,0.6999137618538347,0.5983818835576302,0.2061691591601232,0.0223128236071773,heldout,2026090902
valence,lower,sigmoid,2000000,0.3687975,0.7000208108589991,0.6435126900547425,0.2257368483182462,0.1313316632487733,heldout,2026090902
valence,lower,slope_only,2000000,0.3687975,0.7000208108589991,0.6372013616725678,0.2234920230417763,0.1324079254046508,heldout,2026090902
valence,lower,intercept_only,2000000,0.3687975,0.7000208108589991,0.6011194467699993,0.2069830249357001,0.0376714623568099,heldout,2026090902
valence,lower,full_affine,2000000,0.3687975,0.7000208108589991,0.5980550809535121,0.2060333513926169,0.0222916118566327,heldout,2026090902
dominance,higher,sigmoid,2000000,0.2956565,0.7488634798992142,0.6250695062841687,0.2178129139406102,0.2046599582161379,heldout,2026090902
dominance,higher,slope_only,2000000,0.2956565,0.7488634798992142,0.6243521908082215,0.2175581890749697,0.2046374523957533,heldout,2026090902
dominance,higher,intercept_only,2000000,0.2956565,0.7488634798992142,0.5257377568673854,0.1752755323448269,0.0298280371594386,heldout,2026090902
dominance,higher,full_affine,2000000,0.2956565,0.7488634798992142,0.5250275060117612,0.1751778586000985,0.0285529154194127,heldout,2026090902
dominance,lower,sigmoid,2000000,0.2948445,0.7489156277668729,0.6246142531374093,0.2176183943392119,0.204839041783862,heldout,2026090902
dominance,lower,slope_only,2000000,0.2948445,0.7489156277668729,0.6239365726772638,0.2173765122036244,0.2048616423914714,heldout,2026090902
dominance,lower,intercept_only,2000000,0.2948445,0.7489156277668729,0.5252683416109953,0.17502781306362,0.031185444289294,heldout,2026090902
dominance,lower,full_affine,2000000,0.2948445,0.7489156277668729,0.5245655731873028,0.1749292614974611,0.0298624335336211,heldout,2026090902
speaker,same,sigmoid,2000000,0.003697,0.9200360171233876,0.8518516676146134,0.3063583857063488,0.5165694728977017,heldout,2026090903
speaker,same,slope_only,2000000,0.003697,0.9200360171233876,0.7037372698216154,0.255226408371104,0.5012435412214038,heldout,2026090903
speaker,same,intercept_only,2000000,0.003697,0.9200360171233876,0.013379900059595,0.0022399916278203,0.0039903111193211,heldout,2026090903
speaker,same,full_affine,2000000,0.003697,0.9200360171233876,0.0148567198649179,0.0028753007279138,0.0035704231462415,heldout,2026090903
speaker,different,sigmoid,2000000,0.996303,0.9200360171233872,0.8518516676146134,0.3063583857063488,0.5165694728977018,heldout,2026090903
speaker,different,slope_only,2000000,0.996303,0.9200360171233872,0.7037372698216154,0.255226408371104,0.5012435412214039,heldout,2026090903
speaker,different,intercept_only,2000000,0.996303,0.9200360171233872,0.013379900059595,0.0022399916278203,0.003990311119321,heldout,2026090903
speaker,different,full_affine,2000000,0.996303,0.9200360171233872,0.0148567198649179,0.0028753007279138,0.0035704231462415,heldout,2026090903
arousal,higher,sigmoid,2000000,0.3332605,0.7801744155808557,0.5940456345717621,0.2042122381395203,0.1678115395551786,heldout,2026090903
arousal,higher,slope_only,2000000,0.3332605,0.7801744155808557,0.5925563129400073,0.2036893178918882,0.167189162030837,heldout,2026090903
arousal,higher,intercept_only,2000000,0.3332605,0.7801744155808557,0.5309635957470532,0.1768788742799498,0.0510515478019207,heldout,2026090903
arousal,higher,full_affine,2000000,0.3332605,0.7801744155808557,0.5226425395444284,0.174718689615505,0.030378990857566,heldout,2026090903
arousal,lower,sigmoid,2000000,0.331523,0.78081675293971,0.5934583933469677,0.2039537225913217,0.1688679799322191,heldout,2026090903
arousal,lower,slope_only,2000000,0.331523,0.78081675293971,0.5917998947819015,0.2033805821843297,0.1680266328063741,heldout,2026090903
arousal,lower,intercept_only,2000000,0.331523,0.78081675293971,0.5297393757187119,0.1763424161198725,0.0514724777667005,heldout,2026090903
arousal,lower,full_affine,2000000,0.331523,0.78081675293971,0.5211943209749048,0.1741420289377563,0.0309870643888251,heldout,2026090903
valence,higher,sigmoid,2000000,0.3693375,0.7055096940671052,0.6416892819802389,0.2246519794329554,0.1305085101646894,heldout,2026090903
valence,higher,slope_only,2000000,0.3693375,0.7055096940671052,0.6342291523978915,0.2221189498021468,0.1317553323510447,heldout,2026090903
valence,higher,intercept_only,2000000,0.3693375,0.7055096940671052,0.5991873656196863,0.2059676460931162,0.0392275427513437,heldout,2026090903
valence,higher,full_affine,2000000,0.3693375,0.7055096940671052,0.5952846988280609,0.2048159639592285,0.0228829183727034,heldout,2026090903
valence,lower,sigmoid,2000000,0.3687975,0.7057239964137209,0.6418759664404438,0.2247086335895895,0.1313564898353105,heldout,2026090903
valence,lower,slope_only,2000000,0.3687975,0.7057239964137209,0.6343293430134659,0.2221606886078139,0.1325096919679014,heldout,2026090903
valence,lower,intercept_only,2000000,0.3687975,0.7057239964137209,0.5987726947495586,0.2058410703895011,0.0391592131895478,heldout,2026090903
valence,lower,full_affine,2000000,0.3687975,0.7057239964137209,0.5948927830468596,0.2046602349318448,0.0226635794806956,heldout,2026090903
dominance,higher,sigmoid,2000000,0.2956565,0.7589055610017466,0.6187844447636662,0.2150398772815251,0.2047309308150114,heldout,2026090903
dominance,higher,slope_only,2000000,0.2956565,0.7589055610017466,0.619322267723059,0.2152133014795381,0.2047549838131694,heldout,2026090903
dominance,higher,intercept_only,2000000,0.2956565,0.7589055610017466,0.5203474669919982,0.1728922526268878,0.0315886870082321,heldout,2026090903
dominance,higher,full_affine,2000000,0.2956565,0.7589055610017466,0.517386216009813,0.1723819775700345,0.0243534610812689,heldout,2026090903
dominance,lower,sigmoid,2000000,0.2948445,0.7590690259429153,0.6181240360776948,0.2147522671243153,0.2047680691849885,heldout,2026090903
dominance,lower,slope_only,2000000,0.2948445,0.7590690259429153,0.61864492781335,0.2149201342869027,0.2047430591212178,heldout,2026090903
dominance,lower,intercept_only,2000000,0.2948445,0.7590690259429153,0.5197887769348529,0.1725996409538982,0.0326617199975413,heldout,2026090903
dominance,lower,full_affine,2000000,0.2948445,0.7590690259429153,0.5167764522286425,0.1720745332096699,0.0254247176288694,heldout,2026090903
speaker,same,sigmoid,2000000,0.003697,0.9200360171233876,0.8337491545948587,0.2994328166519226,0.5105705100145262,heldout,2026090904
speaker,same,slope_only,2000000,0.003697,0.9200360171233876,0.7007533228441772,0.2537550505510095,0.4999988728675439,heldout,2026090904
speaker,same,intercept_only,2000000,0.003697,0.9200360171233876,0.01336896085068,0.0022422335461769,0.003993869711639,heldout,2026090904
speaker,same,full_affine,2000000,0.003697,0.9200360171233876,0.0141475676735635,0.002728905472655,0.0034424007827759,heldout,2026090904
speaker,different,sigmoid,2000000,0.996303,0.9200360171233872,0.8337491545948587,0.2994328166519226,0.5105705100145262,heldout,2026090904
speaker,different,slope_only,2000000,0.996303,0.9200360171233872,0.7007533228441772,0.2537550505510095,0.4999988728675439,heldout,2026090904
speaker,different,intercept_only,2000000,0.996303,0.9200360171233872,0.01336896085068,0.0022422335461769,0.0039938697116392,heldout,2026090904
speaker,different,full_affine,2000000,0.996303,0.9200360171233872,0.0141475676735635,0.002728905472655,0.0034424007827758,heldout,2026090904
arousal,higher,sigmoid,2000000,0.3332605,0.7773886150817759,0.5950867652313705,0.2047221673866777,0.1672139182831115,heldout,2026090904
arousal,higher,slope_only,2000000,0.3332605,0.7773886150817759,0.5934617272216088,0.2041901838895893,0.1669126735845366,heldout,2026090904
arousal,higher,intercept_only,2000000,0.3332605,0.7773886150817759,0.5309341117622657,0.1770442767258314,0.0446136512481713,heldout,2026090904
arousal,higher,full_affine,2000000,0.3332605,0.7773886150817759,0.5246444998195661,0.1752934184698087,0.0279157745898477,heldout,2026090904
arousal,lower,sigmoid,2000000,0.331523,0.7779536809415805,0.5949310882419457,0.2046561686309524,0.1686366164853662,heldout,2026090904
arousal,lower,slope_only,2000000,0.331523,0.7779536809415805,0.59328202572857,0.204118237335737,0.1683991879054885,heldout,2026090904
arousal,lower,intercept_only,2000000,0.331523,0.7779536809415805,0.5297235426746998,0.1765123774959728,0.0446756351874257,heldout,2026090904
arousal,lower,full_affine,2000000,0.331523,0.7779536809415805,0.5233287077371782,0.174745457374091,0.0292237271246565,heldout,2026090904
valence,higher,sigmoid,2000000,0.3693375,0.7050185938169333,0.6398130041477824,0.2241083554192682,0.1306118714835207,heldout,2026090904
valence,higher,slope_only,2000000,0.3693375,0.7050185938169333,0.6336868220125635,0.221956258790889,0.1311515373727655,heldout,2026090904
valence,higher,intercept_only,2000000,0.3693375,0.7050185938169333,0.5977214243376856,0.2055834530515317,0.0335514431996535,heldout,2026090904
valence,higher,full_affine,2000000,0.3693375,0.7050185938169333,0.5945870275531376,0.2045571387719471,0.0179332898400294,heldout,2026090904
valence,lower,sigmoid,2000000,0.3687975,0.7052412668301331,0.639857188987431,0.2241065118749927,0.1312531285164793,heldout,2026090904
valence,lower,slope_only,2000000,0.3687975,0.7052412668301331,0.6336969694084668,0.2219560075785363,0.1316383402068564,heldout,2026090904
valence,lower,intercept_only,2000000,0.3687975,0.7052412668301331,0.5973363855418087,0.2054537011472416,0.033646587172865,heldout,2026090904
valence,lower,full_affine,2000000,0.3687975,0.7052412668301331,0.5942075857190547,0.2044104902053898,0.0173235839087037,heldout,2026090904
dominance,higher,sigmoid,2000000,0.2956565,0.7582744807515955,0.6190385459294848,0.2151384199735486,0.2044538148443739,heldout,2026090904
dominance,higher,slope_only,2000000,0.2956565,0.7582744807515955,0.6188249384049795,0.2150656861815927,0.2044472167402611,heldout,2026090904
dominance,higher,intercept_only,2000000,0.2956565,0.7582744807515955,0.5194105457201831,0.1726645790668295,0.0280870311241687,heldout,2026090904
dominance,higher,full_affine,2000000,0.2956565,0.7582744807515955,0.5178316313467972,0.1723367156509822,0.0241449228794206,heldout,2026090904
dominance,lower,sigmoid,2000000,0.2948445,0.7585245518325057,0.6188700127795801,0.2150664995750486,0.2050451851556261,heldout,2026090904
dominance,lower,slope_only,2000000,0.2948445,0.7585245518325057,0.6186662576482671,0.2149969150889399,0.2050519731809189,heldout,2026090904
dominance,lower,intercept_only,2000000,0.2948445,0.7585245518325057,0.5186582544794547,0.1723041286307589,0.0284109082381203,heldout,2026090904
dominance,lower,full_affine,2000000,0.2948445,0.7585245518325057,0.5170527007675577,0.1719656398933867,0.0245464767293535,heldout,2026090904
