factor,state,method,pair_count,prevalence,auroc,nll,brier,ece
speaker,same,sigmoid,2000000,0.007346,0.9286274360507556,0.768194784130574,0.27552690426275633,0.482397084983245
speaker,same,slope_only,2000000,0.007346,0.9286274360507556,0.6911487875871545,0.2490010703762514,0.4925606877414303
speaker,same,intercept_only,2000000,0.007346,0.9286274360507556,0.02730873167320574,0.005939159417686889,0.0055753559303774874
speaker,same,full_affine,2000000,0.007346,0.9286274360507556,0.02246916672453424,0.004417503966226006,0.0007979025071812003
speaker,different,sigmoid,2000000,0.992654,0.9286274360507555,0.768194784130574,0.27552690426275633,0.482397084983245
speaker,different,slope_only,2000000,0.992654,0.9286274360507555,0.6911487875871545,0.2490010703762514,0.49256068774143036
speaker,different,intercept_only,2000000,0.992654,0.9286274360507555,0.02730873167320574,0.00593915941768689,0.0055753559303775325
speaker,different,full_affine,2000000,0.992654,0.9286274360507555,0.022469166724534206,0.004417503966226006,0.0007979025071812477
pitch,higher,sigmoid,2000000,0.322726,0.7492971523610741,0.6162358295602943,0.21414882735617843,0.1771799955087367
pitch,higher,slope_only,2000000,0.322726,0.7492971523599303,0.6147981302331467,0.21361686079990444,0.1771857353755557
pitch,higher,intercept_only,2000000,0.322726,0.7492971523599303,0.5381458157923281,0.18064713982751887,0.0032330882660292506
pitch,higher,full_affine,2000000,0.322726,0.7492971523599303,0.538142727538814,0.1806452385983707,0.004715745619536497
pitch,lower,sigmoid,2000000,0.323495,0.7497797115708771,0.6159103435394445,0.21397752848733032,0.17659900453135813
pitch,lower,slope_only,2000000,0.323495,0.7497797115708771,0.6145105827246641,0.2134660608294492,0.17659315593081204
pitch,lower,intercept_only,2000000,0.323495,0.7497797115708771,0.5383698562804184,0.18074294520213705,0.004539699794505839
pitch,lower,full_affine,2000000,0.323495,0.7497797115708771,0.5383534505095429,0.18073269114273052,0.004821173969439932
rate,higher,sigmoid,2000000,0.3377795,0.8677821442189576,0.5288645123410107,0.17545608743706684,0.17379704484192424
rate,higher,slope_only,2000000,0.3377795,0.8677821442122517,0.5088577094601955,0.16877511890319777,0.16226471658824448
rate,higher,intercept_only,2000000,0.3377795,0.8677821442156047,0.4640254481457173,0.14908754302272725,0.09904884167018603
rate,higher,full_affine,2000000,0.3377795,0.8677821442239871,0.42578649218688625,0.1360362545806393,0.011820308265780467
rate,lower,sigmoid,2000000,0.337098,0.8684623813483956,0.528520658784048,0.17533011207640414,0.17496233223882038
rate,lower,slope_only,2000000,0.337098,0.8684623813461582,0.5082945938507185,0.1686331188650164,0.16285778793098155
rate,lower,intercept_only,2000000,0.337098,0.8684623813601426,0.4631972514519709,0.14870825239353574,0.09954083875662939
rate,lower,full_affine,2000000,0.337098,0.8684623813433612,0.42442023752259594,0.13549847405670382,0.011979221367531934
