dataset,seed,factor,state,pair_count,prevalence,auroc_fp64_full_state,auroc_fp64_standardized,auroc_fp32_full_state,auroc_fp32_standardized,delta_fp64,delta_fp32
librittsp,2026090602,pitch,higher,2000000,0.322726,0.7492971523599303,0.7492971523610741,0.7492971523599303,0.7492971523610741,-1.1437517599688363e-12,-1.1437517599688363e-12
librittsp,2026090602,pitch,lower,2000000,0.323495,0.7497797115708771,0.7497797115708771,0.7497797115708771,0.7497797115708771,0.0,0.0
librittsp,2026090602,rate,higher,2000000,0.3377795,0.8677821442133694,0.8677821442189576,0.867782144221193,0.8677821442189576,-5.588196572148263e-12,2.2354340600827527e-12
librittsp,2026090602,rate,lower,2000000,0.337098,0.8684623813579049,0.8684623813483956,0.8684623813584644,0.8684623813483956,9.50928225051939e-12,1.006883465493047e-11
librittsp,2026090602,speaker,different,2000000,0.992654,0.9286274360507556,0.9286274360507556,0.9286274715689552,0.9286274359993296,0.0,3.5569625578268926e-08
librittsp,2026090602,speaker,same,2000000,0.007346,0.9286274360507556,0.9286274360507556,0.9286274361021816,0.9286274359821878,0.0,1.1999379267990662e-10
msp,2026090902,arousal,higher,2000000,0.3332605,0.7740444251935762,0.7740444251935762,0.7740444252667091,0.7740444252953999,0.0,-2.8690716469270683e-11
msp,2026090902,arousal,lower,2000000,0.331523,0.7746903261967049,0.7746903261967049,0.7746903263557642,0.7746903261058945,0.0,2.4986968050200176e-10
msp,2026090902,dominance,higher,2000000,0.2956565,0.7488634798992142,0.7488634798992142,0.7488634796807202,0.7488634798920112,0.0,-2.1129098470851204e-10
msp,2026090902,dominance,lower,2000000,0.2948445,0.7489156277668729,0.7489156277668729,0.7489156276766902,0.7489156275185698,0.0,1.5812040565776897e-10
msp,2026090902,speaker,different,2000000,0.996303,0.9200360171233872,0.9200360171233872,0.9200360390125344,0.9200360171233876,0.0,2.1889146828435457e-08
msp,2026090902,speaker,same,2000000,0.003697,0.9200360171233876,0.9200360171233876,0.9200360176324374,0.9200360163767808,0.0,1.2556565787136265e-09
msp,2026090902,valence,higher,2000000,0.3693375,0.6999137618538347,0.6999137618538347,0.6999137615737043,0.6999137618661776,0.0,-2.9247326782666505e-10
msp,2026090902,valence,lower,2000000,0.3687975,0.7000208108589991,0.7000208108589991,0.7000208109889469,0.7000208108375203,0.0,1.5142653797539651e-10
msp,2026090903,arousal,higher,2000000,0.3332605,0.7801744155808557,0.7801744155808557,0.7801744156568016,0.7801744158143187,0.0,-1.5751711046618766e-10
msp,2026090903,arousal,lower,2000000,0.331523,0.78081675293971,0.78081675293971,0.7808167529949859,0.7808167528505916,0.0,1.443942743151183e-10
msp,2026090903,dominance,higher,2000000,0.2956565,0.7589055610017466,0.7589055610017466,0.7589055610365615,0.7589055611974308,0.0,-1.6086931786674086e-10
msp,2026090903,dominance,lower,2000000,0.2948445,0.7590690259429153,0.7590690259429153,0.759069026030693,0.7590690262098562,0.0,-1.7916312877730434e-10
msp,2026090903,speaker,different,2000000,0.996303,0.9200360171233872,0.9200360171233872,0.920036007112072,0.920036016478591,0.0,-9.36651900484975e-09
msp,2026090903,speaker,same,2000000,0.003697,0.9200360171233876,0.9200360171233876,0.920036017157324,0.920036017462754,0.0,-3.054300146132505e-10
msp,2026090903,valence,higher,2000000,0.3693375,0.7055096940671052,0.7055096940671052,0.7055096941744349,0.7055096941261365,0.0,4.829836530717557e-11
msp,2026090903,valence,lower,2000000,0.3687975,0.7057239964137209,0.7057239964137209,0.7057239965060804,0.7057239967622171,0.0,-2.5613666743140584e-10
msp,2026090904,arousal,higher,2000000,0.3332605,0.7773886150817759,0.7773886150817759,0.7773886150052676,0.7773886150857139,0.0,-8.044631627512899e-11
msp,2026090904,arousal,lower,2000000,0.331523,0.7779536809415805,0.7779536809415805,0.7779536810436717,0.7779536809506049,0.0,9.306677650755546e-11
msp,2026090904,dominance,higher,2000000,0.2956565,0.7582744807515955,0.7582744807515955,0.7582744807389901,0.7582744805601132,0.0,1.7887691328155597e-10
msp,2026090904,dominance,lower,2000000,0.2948445,0.7585245518325057,0.7585245518325057,0.7585245518836092,0.7585245518294996,0.0,5.410960568497103e-11
msp,2026090904,speaker,different,2000000,0.996303,0.9200360171233872,0.9200360171233872,0.9200360037523426,0.9200360165804008,0.0,-1.2828058171265866e-08
msp,2026090904,speaker,same,2000000,0.003697,0.9200360171233876,0.9200360171233876,0.9200360170555142,0.9200360173270072,0.0,-2.714930502634161e-10
msp,2026090904,valence,higher,2000000,0.3693375,0.7050185938169333,0.7050185938169333,0.7050185938180066,0.7050185937815145,0.0,3.649203161870673e-11
msp,2026090904,valence,lower,2000000,0.3687975,0.7052412668301331,0.7052412668301331,0.7052412667511979,0.7052412668365768,0.0,-8.53789261512361e-11
