dataset,regime,prior_level,full_gain,intercept_gain,recovery
librittsp,heldout_pair_tuple,low,0.15029447544819285,0.14089109346424555,0.9374336152017199
librittsp,heldout_pair_tuple,natural,0.15290489699093018,0.13965673485129926,0.913356848601018
librittsp,heldout_pair_tuple,high,0.1515487947456759,0.13537425743639347,0.8932717522668129
librittsp,zero_shot_triple,low,0.06936719673455471,0.05956349232835517,0.8586694451021991
librittsp,zero_shot_triple,natural,0.07191707205650955,0.06087617721551719,0.8464774145377211
librittsp,zero_shot_triple,high,0.0683456148322105,0.0561140275836616,0.821033327762467
msp,heldout_pair_tuple,low,0.0842995487042009,0.07969061562003862,0.9453267169871268
msp,heldout_pair_tuple,natural,0.08392132623502715,0.07996667562818835,0.9528766907738857
msp,heldout_pair_tuple,high,0.08282310916645738,0.07962570406794403,0.9613947709680009
msp,zero_shot_quadruple,low,0.05133399309917615,0.04960709118805584,0.9663594860469169
msp,zero_shot_quadruple,natural,0.05029229858520429,0.04955771407921393,0.9853936979089186
msp,zero_shot_quadruple,high,0.049409725920236666,0.04860604569200783,0.9837343718618022
msp,zero_shot_triple,low,0.07106532316014516,0.06607329315267668,0.929754347331694
msp,zero_shot_triple,natural,0.07080760290843618,0.06657487523875621,0.9402221301693625
msp,zero_shot_triple,high,0.06933487407324121,0.06571204375215628,0.9477488007368703
