dataset,counting,regime,arity,stage,queries,zero_positive,no_single_violation,removed_only_no_single_violation,positive_count_mean,positive_count_median,positive_count_min,positive_count_max,positive_count_q25,positive_count_q75,prevalence_mean,prevalence_median,prevalence_min,prevalence_max,prevalence_q25,prevalence_q75,candidate_count_mean,candidate_count_median,candidate_count_min,candidate_count_max,candidate_count_q25,candidate_count_q75
msp,partition_occurrences,heldout_pair_tuple,2,before_filter,9216,643,0,0,685.2326388888889,234.0,0.0,3924.0,11.0,1023.0,0.16733397775064443,0.05714285714285714,0.0,0.9582417582417583,0.002686202686202686,0.24981684981684982,4095.0,4095.0,4095.0,4095.0,4095.0,4095.0
msp,partition_occurrences,heldout_pair_tuple,2,retained,8573,0,0,0,736.6270850344104,305.0,1.0,3924.0,24.0,1104.0,0.17988451404991704,0.07448107448107448,0.0002442002442002442,0.9582417582417583,0.005860805860805861,0.2695970695970696,4095.0,4095.0,4095.0,4095.0,4095.0,4095.0
msp,partition_occurrences,zero_shot_quadruple,4,before_filter,12288,6390,744,0,86.109619140625,0.0,0.0,2823.0,0.0,12.0,0.021027990022130644,0.0,0.0,0.6893772893772894,0.0,0.0029304029304029304,4095.0,4095.0,4095.0,4095.0,4095.0,4095.0
msp,partition_occurrences,zero_shot_quadruple,4,retained,5898,0,0,0,179.40233977619533,16.0,1.0,2823.0,3.0,159.0,0.043810095183442074,0.003907203907203907,0.0002442002442002442,0.6893772893772894,0.0007326007326007326,0.03882783882783883,4095.0,4095.0,4095.0,4095.0,4095.0,4095.0
msp,partition_occurrences,zero_shot_triple,3,before_filter,24576,7401,147,0,219.204345703125,5.0,0.0,3740.0,0.0,169.25,0.053529754750457875,0.001221001221001221,0.0,0.9133089133089133,0.0,0.04133089133089133,4095.0,4095.0,4095.0,4095.0,4095.0,4095.0
msp,partition_occurrences,zero_shot_triple,3,retained,17175,0,0,0,313.663231441048,47.0,1.0,3740.0,4.0,354.0,0.07659663771454164,0.011477411477411478,0.0002442002442002442,0.9133089133089133,0.0009768009768009768,0.08644688644688645,4095.0,4095.0,4095.0,4095.0,4095.0,4095.0
msp,unique_anchor_relation,heldout_pair_tuple,2,before_filter,6144,553,0,0,573.41162109375,123.0,0.0,3924.0,6.0,804.0,0.14002725789835166,0.030036630036630037,0.0,0.9582417582417583,0.0014652014652014652,0.19633699633699633,4095.0,4095.0,4095.0,4095.0,4095.0,4095.0
msp,unique_anchor_relation,heldout_pair_tuple,2,retained,5591,0,0,0,630.1271686639242,195.0,1.0,3924.0,10.0,908.5,0.15387720846493874,0.047619047619047616,0.0002442002442002442,0.9582417582417583,0.002442002442002442,0.22185592185592184,4095.0,4095.0,4095.0,4095.0,4095.0,4095.0
msp,unique_anchor_relation,zero_shot_quadruple,4,before_filter,4096,2130,248,0,86.109619140625,0.0,0.0,2823.0,0.0,12.0,0.021027990022130644,0.0,0.0,0.6893772893772894,0.0,0.0029304029304029304,4095.0,4095.0,4095.0,4095.0,4095.0,4095.0
msp,unique_anchor_relation,zero_shot_quadruple,4,retained,1966,0,0,0,179.40233977619533,16.0,1.0,2823.0,3.0,159.0,0.04381009518344208,0.003907203907203907,0.0002442002442002442,0.6893772893772894,0.0007326007326007326,0.03882783882783883,4095.0,4095.0,4095.0,4095.0,4095.0,4095.0
msp,unique_anchor_relation,zero_shot_triple,3,before_filter,8192,2467,49,0,219.204345703125,5.0,0.0,3740.0,0.0,169.25,0.053529754750457875,0.001221001221001221,0.0,0.9133089133089133,0.0,0.04133089133089133,4095.0,4095.0,4095.0,4095.0,4095.0,4095.0
msp,unique_anchor_relation,zero_shot_triple,3,retained,5725,0,0,0,313.663231441048,47.0,1.0,3740.0,4.0,354.0,0.07659663771454164,0.011477411477411478,0.0002442002442002442,0.9133089133089133,0.0009768009768009768,0.08644688644688645,4095.0,4095.0,4095.0,4095.0,4095.0,4095.0
librittsp,partition_occurrences,heldout_pair_tuple,2,before_filter,6144,905,0,0,333.45458984375,14.0,0.0,2030.0,2.0,524.0,0.16289916455483633,0.006839276990718124,0.0,0.991695163654128,0.0009770395701025891,0.25598436736687835,2047.0,2047.0,2047.0,2047.0,2047.0,2047.0
librittsp,partition_occurrences,heldout_pair_tuple,2,retained,5239,0,0,0,391.0564993319336,107.0,1.0,2030.0,4.0,647.5,0.19103883699654792,0.05227161700048852,0.0004885197850512946,0.991695163654128,0.0019540791402051783,0.31631656082071324,2047.0,2047.0,2047.0,2047.0,2047.0,2047.0
librittsp,partition_occurrences,zero_shot_triple,3,before_filter,12288,4197,51,0,110.847412109375,3.0,0.0,1915.0,0.0,102.25,0.05415115393716414,0.0014655593551538837,0.0,0.9355153883732291,0.0,0.04995114802149487,2047.0,2047.0,2047.0,2047.0,2047.0,2047.0
librittsp,partition_occurrences,zero_shot_triple,3,retained,8091,0,0,0,168.3466814979607,51.0,1.0,1915.0,4.0,210.0,0.0822406846594825,0.024914509037616023,0.0004885197850512946,0.9355153883732291,0.0019540791402051783,0.10258915486077186,2047.0,2047.0,2047.0,2047.0,2047.0,2047.0
librittsp,unique_anchor_relation,heldout_pair_tuple,2,before_filter,4096,576,0,0,336.311767578125,14.0,0.0,2030.0,2.0,529.0,0.16429495240748654,0.006839276990718124,0.0,0.991695163654128,0.0009770395701025891,0.25842696629213485,2047.0,2047.0,2047.0,2047.0,2047.0,2047.0
librittsp,unique_anchor_relation,heldout_pair_tuple,2,retained,3520,0,0,0,391.3446022727273,103.5,1.0,2030.0,4.0,645.25,0.1911795809832571,0.05056179775280899,0.0004885197850512946,0.991695163654128,0.0019540791402051783,0.31521739130434784,2047.0,2047.0,2047.0,2047.0,2047.0,2047.0
librittsp,unique_anchor_relation,zero_shot_triple,3,before_filter,4096,1399,17,0,110.847412109375,3.0,0.0,1915.0,0.0,102.25,0.054151153937164145,0.0014655593551538837,0.0,0.9355153883732291,0.0,0.04995114802149487,2047.0,2047.0,2047.0,2047.0,2047.0,2047.0
librittsp,unique_anchor_relation,zero_shot_triple,3,retained,2697,0,0,0,168.3466814979607,51.0,1.0,1915.0,4.0,210.0,0.08224068465948249,0.024914509037616023,0.0004885197850512946,0.9355153883732291,0.0019540791402051783,0.10258915486077186,2047.0,2047.0,2047.0,2047.0,2047.0,2047.0
