method,regime,normalized_average_precision
calibrated_deepsets,heldout_pair_tuple,0.2585677770251266
calibrated_deepsets,zero_shot_quadruple,0.1182938619021894
calibrated_deepsets,zero_shot_triple,0.166978912457306
calibrated_positive_log_linear,heldout_pair_tuple,0.2582957626117108
calibrated_positive_log_linear,zero_shot_quadruple,0.1170874911197581
calibrated_positive_log_linear,zero_shot_triple,0.1662109048646736
calibrated_product,heldout_pair_tuple,0.2606731453104743
calibrated_product,zero_shot_quadruple,0.1175868480879871
calibrated_product,zero_shot_triple,0.1689733341905214
calibrated_relation_deepsets,heldout_pair_tuple,0.2586863034890358
calibrated_relation_deepsets,zero_shot_quadruple,0.117501442029159
calibrated_relation_deepsets,zero_shot_triple,0.1667416808793797
standardized_deepsets,heldout_pair_tuple,0.2329176071776051
standardized_deepsets,zero_shot_quadruple,0.1029132394225226
standardized_deepsets,zero_shot_triple,0.1525448604615152
standardized_positive_log_linear,heldout_pair_tuple,0.1547974367976181
standardized_positive_log_linear,zero_shot_quadruple,0.0635245369864282
standardized_positive_log_linear,zero_shot_triple,0.0958502617710997
standardized_product,heldout_pair_tuple,0.1770311470177719
standardized_product,zero_shot_quadruple,0.0676811605732876
standardized_product,zero_shot_triple,0.0985226636237214
standardized_relation_deepsets,heldout_pair_tuple,0.2122079965227263
standardized_relation_deepsets,zero_shot_quadruple,0.1005101726277678
standardized_relation_deepsets,zero_shot_triple,0.1457176279557442
