dataset,attributes,method,budget,delta_nap_pp,ci_low_pp,ci_high_pp,sensitivity_low_pp,sensitivity_high_pp
msp,2,slope_only,,5.280565326952697,5.039098355915945,5.531259797809047,4.512913216093846,6.286792063213498
msp,2,intercept_only,,7.996667562818837,7.652072553461522,8.351553022358791,7.414236050892914,8.680000674392899
msp,2,full_affine,,8.392132623502718,8.02327991424406,8.767342409896846,7.749750301440043,9.113776389241506
msp,4,slope_only,,1.9738441656812786,1.753747992681596,2.200717872516612,1.780117550192168,2.1767783237612184
msp,4,intercept_only,,4.955771407921393,4.479337236964953,5.453919518243309,4.488260281118479,5.4466739155924735
msp,4,full_affine,,5.029229858520428,4.54434669601944,5.52900283770082,4.565118452217084,5.516363930323916
msp,3,slope_only,,3.0718263345229957,2.880467025518443,3.27521409230878,2.8863784093977554,3.2662429783427447
msp,3,intercept_only,,6.657487523875622,6.202603547214661,7.1213433546274105,6.212752663163125,7.104639062877068
msp,3,full_affine,,7.080760290843617,6.625115344494203,7.540539043156152,6.633163284348104,7.535120980243194
libri,2,slope_only,,5.329662760529928,4.74577104046008,5.872235085616366,3.3913226060709243,7.963294752886589
libri,2,intercept_only,,13.965673485129928,13.214466347645654,14.733163989817285,12.314166121958346,16.000979816858706
libri,2,full_affine,,15.29048969909302,14.455002537819603,16.139911969008153,13.596919553091325,17.33195511803458
libri,3,slope_only,,2.9027431255423575,2.458573637443688,3.347208523015323,2.458573637443688,3.347208523015323
libri,3,intercept_only,,6.0876177215517195,5.562171949810753,6.618148090293224,5.562171949810753,6.618148090293224
libri,3,full_affine,,7.191707205650956,6.558580287261448,7.842199062984386,6.558580287261448,7.842199062984386
