dataset,attributes,interface,composer,nap_percent
msp,2,standardized,product,17.70311470177719
msp,3,standardized,product,9.85226636237214
msp,4,standardized,product,6.76811605732876
msp,2,standardized,positive_log_linear,15.479743679761809
msp,3,standardized,positive_log_linear,9.58502617710997
msp,4,standardized,positive_log_linear,6.35245369864282
msp,2,standardized,deepsets,23.29176071776051
msp,3,standardized,deepsets,15.25448604615152
msp,4,standardized,deepsets,10.29132394225226
msp,2,standardized,relation_deepsets,21.22079965227263
msp,3,standardized,relation_deepsets,14.57176279557442
msp,4,standardized,relation_deepsets,10.05101726277678
msp,2,calibrated,product,26.06731453104743
msp,3,calibrated,product,16.897333419052142
msp,4,calibrated,product,11.75868480879871
msp,2,calibrated,positive_log_linear,25.829576261171077
msp,3,calibrated,positive_log_linear,16.62109048646736
msp,4,calibrated,positive_log_linear,11.70874911197581
msp,2,calibrated,deepsets,25.856777702512662
msp,3,calibrated,deepsets,16.697891245730602
msp,4,calibrated,deepsets,11.82938619021894
msp,2,calibrated,relation_deepsets,25.868630348903583
msp,3,calibrated,relation_deepsets,16.67416808793797
msp,4,calibrated,relation_deepsets,11.7501442029159
libri,2,standardized,product,27.24504251614361
libri,3,standardized,product,17.718619822349428
libri,2,standardized,positive_log_linear,28.639159197538177
libri,3,standardized,positive_log_linear,19.08048465386056
libri,2,standardized,deepsets,37.76137154910584
libri,3,standardized,deepsets,22.375216738794908
libri,2,standardized,relation_deepsets,41.42160578736138
libri,3,standardized,relation_deepsets,23.9388234755232
libri,2,calibrated,product,42.51293669029252
libri,3,calibrated,product,24.86101624055754
libri,2,calibrated,positive_log_linear,42.8304130021709
libri,3,calibrated,positive_log_linear,24.98816204471267
libri,2,calibrated,deepsets,42.493860428486805
libri,3,calibrated,deepsets,24.84600708659622
libri,2,calibrated,relation_deepsets,42.85721200774824
libri,3,calibrated,relation_deepsets,24.89566950337789
